<?xml version="1.0" encoding="UTF-8"?>
<project-private xmlns="http://www.netbeans.org/ns/project-private/1">
    <editor-bookmarks xmlns="http://www.netbeans.org/ns/editor-bookmarks/2" lastBookmarkId="0"/>
    <open-files xmlns="http://www.netbeans.org/ns/projectui-open-files/2">
        <group>
            <file>file:/C:/xampp/htdocs/locadora/view/admin.php</file>
            <file>file:/C:/xampp/htdocs/locadora/controller/ctrlReceiveForm.php</file>
            <file>file:/C:/xampp/htdocs/locadora/controller/ctrlSendForm.class.php</file>
            <file>file:/C:/xampp/htdocs/locadora/view/clientePrincipal.php</file>
            <file>file:/C:/xampp/htdocs/locadora/controller/ctrlDepartamento.class.php</file>
            <file>file:/C:/xampp/htdocs/locadora/model/dao/daoDepartamento.class.php</file>
            <file>file:/C:/xampp/htdocs/locadora/view/departamentoPrincipal.php</file>
        </group>
    </open-files>
</project-private>
